{
	"uvSize": [3744, 1295],
	"uvSymbolOffset": [0, -370],
	"uvSymbolSize": [234, 185],
	"symbolSize": [1.267157, 1],
	"letterWidths": [
		0.0       , 170.8333 , 0.0     , 0.0     , 0.0     , 0.0     , 0.0     , 0.0     ,
		0.0       , 0.0833333, 0.0     , 0.0     , 0.0     , 0.0     , 0.0     , 0.0     ,
		0.0       , 0.0      , 0.0     , 0.0     , 0.0     , 0.0     , 0.0     , 0.0     ,
		0.0       , 0.0      , 0.0     , 0.0     , 0.0     , 0.0     , 0.0     , 0.0     ,
		60        , 48.64    , 60.41599, 137.5573, 117.5893, 151.75  , 117.5893, 29.86667,
		56.83333  , 56.83333 , 66.41666, 116     , 48.64   , 66.21866, 46.25066, 112.2986,
		120.832   , 120.832  , 120.832 , 120.832 , 120.832 , 120.832 , 120.832 , 120.832 ,
		120.832   , 120.832  , 48.64   , 48.64   , 99.66666, 99.66666, 99.66666, 107.6907,
		173.25    , 148.992  , 120.1493, 118.4427, 121.1733, 114.176 , 111.616 , 118.784 ,
		132.608   , 65.70666 , 115.5413, 138.4106, 112.4693, 166.912 , 142.5067, 118.4427,
		121.1733  , 121.6853 , 128.6826, 117.5893, 127.3173, 134.656 , 145.5786, 231.424 ,
		162.9866  , 162.9866 , 115.8827, 47.41666, 51.3    , 47.41666, 80.08333, 94.16666,
		56.83333  , 120.4907 , 97.96266, 95.74399, 98.13332, 93.184  , 90.79465, 96.08533,
		108.032   , 54.44267 , 94.37865, 114.8587, 91.30666, 135.3387, 115.8827, 96.08533,
		100.352   , 97.96266 , 104.7893, 96.08533, 103.0827, 107.3493, 117.76  , 186.5387,
		133.2906  , 131.584  , 94.54932, 80.0    , 44.33333, 80.0    , 99.66666, 45.0     ,
		
		174       , 174      , 85.41666, 85.41666, 0.0     , 0.0     , 85.41666, 85.41666,
		62.25     , 133.6667 , 82.58333, 85.41666, 170.5   , 0.0     , 0.0     , 0.0     ,
		0.0       , 34.16666 , 34.16666, 71.75   , 71.75   , 0.0     , 90.75   , 169.8333,
		57.75     , 159.0    , 62.25   , 42.75   , 94.91666, 0.0     , 0.0     , 119.4167,
		48.81066  , 47.41666 , 94.91666, 94.91666, 94.91666, 94.91666, 44.33333, 94.91666,
		56.83333  , 125.75   , 63.16666, 94.91666, 99.66666, 0.0     , 125.75  , 85.33333,
		68.25     , 99.66666 , 56.83333, 56.83333, 56.83333, 94.91666, 91.66666, 47.41666,
		56.83333  , 56.83333 , 62.33333, 94.91666, 142.3333, 142.3333, 142.3333, 94.91666,
		113.8333  , 113.8333 , 113.8333, 113.8333, 113.8333, 113.8333, 170.6667, 123.25  ,
		113.8333  , 113.8333 , 113.8333, 113.8333, 47.41666, 47.41666, 47.41666, 47.41666,
		123.25    , 123.25   , 132.75  , 132.75  , 132.75  , 132.75  , 132.75  , 99.66666,
		132.75    , 123.25   , 123.25  , 123.25  , 123.25  , 113.8333, 113.8333, 104.25  ,
		94.91666  , 94.91666 , 94.91666, 94.91666, 94.91666, 94.91666, 151.75  , 85.33333,
		94.91666  , 94.91666 , 94.91666, 94.91666, 38.91666, 38.91666, 38.91666, 38.91666,
		94.91666  , 94.91666 , 94.91666, 94.91666, 94.91666, 94.91666, 94.91666, 99.66666,
		94.91666  , 94.91666 , 94.91666, 94.91666, 94.91666, 85.33333, 94.91666, 51.2    
	]
}